applicant_id,checking_status,duration,credit_history,purpose,installment_commitment,other_parties,other_payment_plans,existing_credits,class
1,<0,6,critical/other existing credit,radio/tv,4,none,none,2,good
2,0<=X<200,48,existing paid,radio/tv,2,none,none,1,bad
3,no checking,12,critical/other existing credit,education,2,none,none,1,good
4,<0,42,existing paid,furniture/equipment,2,guarantor,none,1,good
5,<0,24,delayed previously,new car,3,none,none,2,bad
6,no checking,36,existing paid,education,2,none,none,1,good
7,no checking,24,existing paid,furniture/equipment,3,none,none,1,good
8,0<=X<200,36,existing paid,used car,2,none,none,1,good
9,no checking,12,existing paid,radio/tv,2,none,none,1,good
10,0<=X<200,30,critical/other existing credit,new car,4,none,none,2,bad
11,0<=X<200,12,existing paid,new car,3,none,none,1,bad
12,<0,48,existing paid,business,3,none,none,1,bad
13,0<=X<200,12,existing paid,radio/tv,1,none,none,1,good
14,<0,24,critical/other existing credit,new car,4,none,none,2,bad
15,<0,15,existing paid,new car,2,none,none,1,good
16,<0,24,existing paid,radio/tv,4,none,none,1,bad
17,no checking,24,critical/other existing credit,radio/tv,4,none,none,2,good
18,<0,30,no credits/all paid,business,2,none,bank,3,good
19,0<=X<200,24,existing paid,used car,4,none,none,1,bad
20,no checking,24,existing paid,radio/tv,3,none,none,1,good
21,no checking,9,critical/other existing credit,new car,4,none,none,3,good
22,<0,6,existing paid,radio/tv,2,none,none,1,good
23,<0,10,critical/other existing credit,new car,1,none,none,2,good
24,0<=X<200,12,critical/other existing credit,used car,3,none,none,1,good
25,no checking,10,critical/other existing credit,furniture/equipment,2,none,none,2,good
26,<0,6,existing paid,furniture/equipment,1,none,bank,1,good
27,no checking,6,no credits/all paid,radio/tv,4,none,none,1,good
28,>=200,12,all paid,radio/tv,3,none,none,2,good
29,0<=X<200,7,existing paid,radio/tv,3,guarantor,none,1,good
30,<0,60,delayed previously,business,3,none,none,2,bad
31,0<=X<200,18,existing paid,business,3,none,bank,1,good
32,<0,24,existing paid,furniture/equipment,2,none,stores,1,good
33,0<=X<200,18,existing paid,new car,2,none,none,2,good
34,no checking,12,critical/other existing credit,business,4,none,none,1,good
35,>=200,12,existing paid,furniture/equipment,4,none,bank,1,good
36,0<=X<200,45,critical/other existing credit,radio/tv,4,none,none,2,bad
37,no checking,48,critical/other existing credit,education,1,none,bank,1,good
38,>=200,18,existing paid,radio/tv,4,co applicant,stores,1,bad
39,>=200,10,existing paid,domestic appliance,2,none,none,1,good
40,0<=X<200,9,existing paid,radio/tv,4,none,none,1,good
41,no checking,30,existing paid,radio/tv,4,none,bank,1,good
42,0<=X<200,12,existing paid,radio/tv,3,none,none,1,good
43,0<=X<200,18,delayed previously,repairs,2,none,none,1,good
44,<0,30,critical/other existing credit,used car,1,none,none,2,good
45,<0,48,critical/other existing credit,used car,4,none,stores,2,bad
46,no checking,11,critical/other existing credit,new car,4,none,none,2,good
47,no checking,36,existing paid,radio/tv,4,none,none,1,good
48,<0,6,existing paid,used car,1,none,none,1,good
49,no checking,11,critical/other existing credit,new car,1,none,none,2,good
50,no checking,12,existing paid,radio/tv,4,co applicant,none,1,good
51,0<=X<200,24,delayed previously,furniture/equipment,4,none,bank,1,good
52,0<=X<200,27,delayed previously,used car,1,none,none,2,good
53,no checking,12,existing paid,radio/tv,3,none,none,1,good
54,no checking,18,existing paid,used car,2,none,none,1,good
55,0<=X<200,36,delayed previously,new car,4,none,bank,2,bad
56,no checking,6,all paid,new car,1,guarantor,stores,1,good
57,0<=X<200,12,existing paid,radio/tv,2,none,none,1,bad
58,no checking,36,critical/other existing credit,radio/tv,2,none,stores,2,good
59,>=200,18,existing paid,new car,3,none,none,1,good
60,<0,36,critical/other existing credit,furniture/equipment,4,co applicant,none,2,bad
61,0<=X<200,9,existing paid,business,2,none,bank,1,good
62,0<=X<200,15,critical/other existing credit,radio/tv,4,guarantor,none,2,good
63,0<=X<200,36,no credits/all paid,business,4,none,none,1,bad
64,0<=X<200,48,no credits/all paid,business,2,none,none,1,bad
65,no checking,24,existing paid,radio/tv,4,none,none,1,good
66,no checking,27,existing paid,repairs,4,none,none,4,good
67,no checking,12,existing paid,radio/tv,2,none,bank,1,good
68,0<=X<200,12,existing paid,new car,4,none,none,1,good
69,no checking,36,existing paid,education,4,none,stores,1,bad
70,no checking,36,existing paid,radio/tv,4,none,none,1,good
71,no checking,36,existing paid,used car,1,none,bank,1,good
72,no checking,7,critical/other existing credit,radio/tv,4,none,none,2,good
73,<0,8,critical/other existing credit,other,3,none,bank,2,good
74,0<=X<200,42,critical/other existing credit,business,2,none,bank,2,good
75,<0,36,existing paid,education,4,none,none,1,bad
76,<0,12,critical/other existing credit,used car,4,none,none,2,good
77,<0,42,existing paid,radio/tv,4,none,none,1,bad
78,0<=X<200,11,delayed previously,radio/tv,2,none,none,1,good
79,no checking,54,no credits/all paid,used car,2,none,none,1,good
80,0<=X<200,30,existing paid,furniture/equipment,2,none,none,1,good
81,no checking,24,existing paid,radio/tv,1,none,none,2,bad
82,no checking,15,existing paid,radio/tv,4,none,stores,1,good
83,no checking,18,existing paid,business,3,none,none,1,good
84,<0,24,existing paid,other,4,guarantor,none,1,good
85,<0,10,existing paid,radio/tv,3,none,none,1,good
86,no checking,12,critical/other existing credit,business,4,guarantor,none,2,good
87,0<=X<200,18,critical/other existing credit,furniture/equipment,4,none,none,2,good
88,0<=X<200,36,existing paid,education,1,none,none,1,bad
89,<0,18,existing paid,new car,4,none,none,1,good
90,<0,12,no credits/all paid,repairs,4,none,none,2,bad
91,no checking,12,critical/other existing credit,radio/tv,4,none,none,1,good
92,<0,12,critical/other existing credit,used car,4,none,none,1,good
93,no checking,12,critical/other existing credit,radio/tv,4,none,bank,1,bad
94,>=200,24,critical/other existing credit,furniture/equipment,4,co applicant,none,2,good
95,0<=X<200,12,existing paid,new car,4,none,none,1,good
96,0<=X<200,54,no credits/all paid,business,3,none,none,1,bad
97,no checking,12,critical/other existing credit,education,4,none,none,1,good
98,0<=X<200,18,existing paid,business,4,none,none,1,good
99,0<=X<200,36,critical/other existing credit,radio/tv,4,none,none,1,good
100,0<=X<200,20,delayed previously,used car,3,none,bank,2,good
101,no checking,24,existing paid,new car,4,none,none,1,good
102,0<=X<200,36,existing paid,radio/tv,4,none,none,1,good
103,no checking,6,delayed previously,radio/tv,3,none,none,1,good
104,0<=X<200,9,critical/other existing credit,furniture/equipment,4,none,none,1,good
105,no checking,12,existing paid,used car,2,none,none,1,good
106,0<=X<200,24,critical/other existing credit,other,2,co applicant,none,2,bad
107,no checking,18,all paid,new car,2,none,bank,2,bad
108,0<=X<200,12,existing paid,new car,2,none,none,1,good
109,<0,24,existing paid,furniture/equipment,1,none,none,1,good
110,0<=X<200,14,existing paid,business,1,none,none,1,good
111,0<=X<200,6,delayed previously,business,1,none,bank,2,good
112,>=200,15,existing paid,education,4,none,none,1,good
113,0<=X<200,18,existing paid,new car,3,none,none,1,good
114,no checking,36,critical/other existing credit,new car,4,none,stores,2,bad
115,<0,12,existing paid,radio/tv,3,none,none,1,good
116,no checking,48,critical/other existing credit,radio/tv,4,none,none,1,good
117,<0,42,existing paid,radio/tv,4,none,none,1,bad
118,<0,10,critical/other existing credit,furniture/equipment,2,co applicant,none,2,good
119,<0,33,critical/other existing credit,furniture/equipment,1,none,none,2,bad
120,0<=X<200,12,critical/other existing credit,new car,3,none,none,1,good
121,<0,21,existing paid,radio/tv,3,none,none,2,bad
122,no checking,24,critical/other existing credit,used car,4,none,none,2,good
123,no checking,12,existing paid,furniture/equipment,3,none,none,1,good
124,>=200,10,critical/other existing credit,new car,4,none,none,2,good
125,0<=X<200,18,existing paid,furniture/equipment,4,none,none,1,bad
126,<0,12,critical/other existing credit,new car,4,none,none,2,good
127,<0,12,existing paid,radio/tv,4,none,none,1,good
128,0<=X<200,12,existing paid,repairs,4,none,none,1,bad
129,0<=X<200,12,critical/other existing credit,used car,4,none,none,2,good
130,<0,12,critical/other existing credit,new car,3,co applicant,none,2,bad
131,0<=X<200,48,existing paid,new car,1,none,none,1,good
132,<0,36,delayed previously,education,4,none,stores,1,bad
133,no checking,15,existing paid,furniture/equipment,2,none,bank,2,good
134,no checking,18,existing paid,furniture/equipment,4,none,bank,2,good
135,no checking,60,existing paid,radio/tv,2,none,none,1,good
136,no checking,12,critical/other existing credit,radio/tv,4,none,none,2,good
137,no checking,27,delayed previously,used car,2,none,none,2,good
138,0<=X<200,12,existing paid,radio/tv,4,none,none,1,bad
139,0<=X<200,15,critical/other existing credit,radio/tv,4,guarantor,bank,3,good
140,>=200,12,existing paid,radio/tv,2,none,none,1,good
141,>=200,6,existing paid,new car,2,none,none,1,good
142,0<=X<200,36,existing paid,radio/tv,4,none,none,1,good
143,<0,27,existing paid,radio/tv,3,none,none,1,good
144,<0,18,existing paid,furniture/equipment,2,none,none,1,bad
145,no checking,21,critical/other existing credit,furniture/equipment,4,none,none,1,good
146,0<=X<200,48,all paid,business,4,none,none,1,good
147,<0,6,critical/other existing credit,new car,1,none,none,2,good
148,no checking,12,critical/other existing credit,new car,4,none,none,2,good
149,<0,36,critical/other existing credit,furniture/equipment,3,guarantor,none,2,good
150,no checking,18,critical/other existing credit,radio/tv,4,none,none,2,good
151,no checking,6,existing paid,radio/tv,2,none,bank,1,good
152,no checking,10,existing paid,radio/tv,1,none,none,1,good
153,>=200,36,existing paid,radio/tv,4,none,none,1,good
154,0<=X<200,24,critical/other existing credit,used car,2,none,none,1,good
155,0<=X<200,24,delayed previously,business,4,none,none,1,good
156,<0,12,existing paid,furniture/equipment,2,none,none,1,bad
157,<0,9,critical/other existing credit,repairs,3,guarantor,none,2,good
158,<0,12,all paid,retraining,4,none,bank,1,good
159,0<=X<200,24,existing paid,new car,2,none,bank,2,good
160,no checking,6,critical/other existing credit,radio/tv,1,none,none,2,good
161,no checking,24,critical/other existing credit,radio/tv,3,none,none,1,good
162,no checking,18,critical/other existing credit,new car,4,none,none,2,good
163,no checking,15,existing paid,domestic appliance,4,none,none,2,good
164,0<=X<200,10,existing paid,new car,2,none,bank,1,good
165,no checking,36,existing paid,new car,4,none,none,1,good
166,no checking,6,existing paid,furniture/equipment,1,none,none,1,good
167,<0,18,existing paid,furniture/equipment,4,none,none,1,bad
168,0<=X<200,11,existing paid,furniture/equipment,4,none,none,1,good
169,no checking,24,existing paid,furniture/equipment,2,none,none,1,good
170,0<=X<200,24,critical/other existing credit,business,4,none,none,2,bad
171,<0,15,no credits/all paid,new car,4,none,none,2,bad
172,no checking,12,existing paid,furniture/equipment,4,none,none,1,good
173,0<=X<200,24,delayed previously,furniture/equipment,3,none,none,1,bad
174,0<=X<200,8,existing paid,radio/tv,4,guarantor,none,1,good
175,<0,21,delayed previously,education,2,none,none,2,bad
176,no checking,30,all paid,used car,4,none,bank,1,bad
177,<0,12,existing paid,furniture/equipment,2,none,none,1,good
178,<0,6,critical/other existing credit,radio/tv,4,none,none,2,good
179,no checking,12,existing paid,radio/tv,4,none,none,2,good
180,<0,21,critical/other existing credit,new car,4,none,none,2,good
181,no checking,36,delayed previously,business,1,none,none,2,bad
182,0<=X<200,36,delayed previously,business,2,none,stores,2,bad
183,<0,21,all paid,new car,4,none,none,2,bad
184,no checking,24,critical/other existing credit,furniture/equipment,4,none,none,1,good
185,0<=X<200,18,critical/other existing credit,new car,4,none,bank,1,bad
186,no checking,15,critical/other existing credit,radio/tv,4,none,none,2,good
187,0<=X<200,9,all paid,used car,2,none,bank,1,bad
188,0<=X<200,16,critical/other existing credit,new car,2,none,none,3,good
189,<0,12,existing paid,radio/tv,4,none,none,1,bad
190,0<=X<200,18,no credits/all paid,furniture/equipment,1,none,bank,2,good
191,no checking,24,existing paid,business,2,none,none,3,bad
192,0<=X<200,48,no credits/all paid,business,4,none,none,1,bad
193,0<=X<200,27,existing paid,business,4,none,none,1,bad
194,no checking,6,existing paid,radio/tv,2,none,none,1,good
195,0<=X<200,45,existing paid,radio/tv,4,guarantor,none,1,bad
196,0<=X<200,9,critical/other existing credit,education,2,none,none,2,bad
197,no checking,6,critical/other existing credit,radio/tv,1,none,none,2,good
198,0<=X<200,12,existing paid,furniture/equipment,4,none,bank,4,bad
199,0<=X<200,24,existing paid,used car,4,none,bank,1,good
200,0<=X<200,18,delayed previously,furniture/equipment,4,none,none,1,bad
201,no checking,9,critical/other existing credit,education,4,none,none,2,good
202,<0,12,existing paid,new car,4,none,none,1,good
203,no checking,27,delayed previously,business,3,none,none,2,good
204,<0,12,existing paid,retraining,4,none,none,1,bad
205,no checking,12,critical/other existing credit,new car,4,none,none,2,good
206,<0,30,critical/other existing credit,used car,3,none,none,3,good
207,no checking,12,critical/other existing credit,furniture/equipment,4,none,none,3,good
208,0<=X<200,12,critical/other existing credit,domestic appliance,4,none,none,1,good
209,<0,24,existing paid,business,2,none,stores,1,good
210,no checking,12,existing paid,used car,3,none,none,1,good
211,no checking,9,critical/other existing credit,radio/tv,1,none,none,2,good
212,no checking,36,existing paid,radio/tv,2,none,none,1,good
213,<0,27,no credits/all paid,business,2,none,stores,2,bad
214,>=200,30,delayed previously,business,4,none,none,1,bad
215,no checking,36,critical/other existing credit,radio/tv,4,none,none,1,good
216,0<=X<200,6,critical/other existing credit,retraining,1,none,none,2,good
217,<0,18,no credits/all paid,business,3,none,bank,1,good
218,>=200,36,existing paid,radio/tv,2,none,none,1,good
219,<0,24,existing paid,furniture/equipment,2,none,none,1,good
220,no checking,10,existing paid,new car,2,none,none,1,good
221,0<=X<200,12,existing paid,radio/tv,4,guarantor,bank,1,good
222,<0,12,existing paid,education,4,none,bank,1,good
223,no checking,12,existing paid,radio/tv,4,none,bank,2,good
224,no checking,24,delayed previously,business,4,none,none,2,good
225,no checking,15,existing paid,used car,3,none,none,1,good
226,no checking,36,no credits/all paid,repairs,4,none,none,2,good
227,0<=X<200,48,existing paid,radio/tv,1,co applicant,bank,2,bad
228,<0,12,existing paid,furniture/equipment,4,none,none,1,bad
229,no checking,9,existing paid,radio/tv,4,none,none,1,bad
230,<0,24,existing paid,furniture/equipment,4,none,bank,1,good
231,>=200,36,existing paid,radio/tv,4,none,none,1,bad
232,no checking,9,existing paid,new car,2,none,none,1,good
233,no checking,12,existing paid,radio/tv,3,none,none,1,good
234,0<=X<200,18,existing paid,radio/tv,4,guarantor,none,1,good
235,no checking,4,critical/other existing credit,radio/tv,2,none,none,3,good
236,<0,24,existing paid,radio/tv,4,none,stores,1,bad
237,0<=X<200,6,existing paid,new car,1,none,none,1,bad
238,0<=X<200,21,existing paid,business,4,none,bank,2,bad
239,no checking,12,critical/other existing credit,radio/tv,4,none,none,2,good
240,<0,30,existing paid,radio/tv,1,guarantor,none,1,good
241,<0,24,existing paid,new car,4,none,bank,1,bad
242,no checking,6,existing paid,radio/tv,3,none,none,1,good
243,<0,48,no credits/all paid,used car,3,none,none,2,bad
244,no checking,12,critical/other existing credit,business,3,none,none,2,good
245,no checking,12,all paid,retraining,4,none,none,1,good
246,no checking,24,existing paid,business,4,none,none,1,good
247,no checking,12,critical/other existing credit,radio/tv,4,none,none,3,good
248,no checking,6,no credits/all paid,new car,4,none,bank,1,good
249,>=200,24,existing paid,furniture/equipment,2,none,none,1,good
250,no checking,18,existing paid,radio/tv,3,co applicant,none,1,bad
251,<0,6,critical/other existing credit,new car,3,none,none,2,good
252,>=200,12,existing paid,furniture/equipment,1,none,none,1,good
253,0<=X<200,30,existing paid,new car,4,guarantor,bank,1,bad
254,no checking,24,delayed previously,furniture/equipment,2,none,none,2,good
255,0<=X<200,9,existing paid,furniture/equipment,2,none,none,1,good
256,0<=X<200,60,delayed previously,radio/tv,1,none,none,1,good
257,no checking,24,critical/other existing credit,radio/tv,4,none,none,2,good
258,<0,12,all paid,radio/tv,4,none,none,1,bad
259,no checking,15,existing paid,used car,1,none,none,1,good
260,no checking,11,critical/other existing credit,radio/tv,4,none,none,3,good
261,<0,12,existing paid,furniture/equipment,2,none,none,1,good
262,<0,24,existing paid,radio/tv,4,none,none,1,good
263,<0,18,critical/other existing credit,new car,2,none,none,3,good
264,no checking,12,critical/other existing credit,education,2,none,bank,3,good
265,no checking,10,critical/other existing credit,new car,3,none,none,2,good
266,0<=X<200,15,existing paid,radio/tv,4,none,none,1,bad
267,no checking,36,critical/other existing credit,business,4,none,none,2,good
268,no checking,24,existing paid,radio/tv,4,none,stores,1,good
269,<0,14,existing paid,new car,1,none,none,1,bad
270,no checking,24,existing paid,radio/tv,4,none,none,2,good
271,no checking,18,existing paid,new car,4,none,none,1,good
272,no checking,12,critical/other existing credit,furniture/equipment,3,none,none,1,good
273,0<=X<200,48,all paid,new car,4,co applicant,none,1,good
274,0<=X<200,48,existing paid,radio/tv,4,none,none,2,bad
275,<0,30,existing paid,repairs,1,none,none,1,bad
276,no checking,9,existing paid,radio/tv,1,none,none,1,good
277,no checking,18,critical/other existing credit,radio/tv,2,none,none,2,good
278,<0,12,existing paid,furniture/equipment,2,none,none,1,good
279,no checking,6,existing paid,furniture/equipment,1,none,none,1,bad
280,no checking,24,existing paid,radio/tv,4,none,none,1,good
281,no checking,15,critical/other existing credit,used car,3,none,none,2,good
282,no checking,12,existing paid,furniture/equipment,4,none,none,1,good
283,>=200,18,all paid,radio/tv,4,none,bank,1,good
284,no checking,15,critical/other existing credit,furniture/equipment,4,none,none,1,good
285,0<=X<200,24,critical/other existing credit,new car,4,none,none,1,good
286,<0,47,existing paid,new car,1,none,none,1,good
287,<0,48,existing paid,used car,4,none,none,1,good
288,0<=X<200,48,delayed previously,other,2,none,none,1,good
289,0<=X<200,12,existing paid,radio/tv,4,guarantor,none,2,good
290,<0,24,delayed previously,radio/tv,4,none,stores,1,bad
291,no checking,12,existing paid,business,2,none,none,1,good
292,0<=X<200,36,existing paid,used car,1,none,none,1,bad
293,<0,24,critical/other existing credit,used car,2,none,none,2,good
294,>=200,42,critical/other existing credit,used car,4,none,none,1,good
295,no checking,48,critical/other existing credit,business,4,none,bank,2,good
296,0<=X<200,48,existing paid,furniture/equipment,1,none,none,1,bad
297,no checking,12,existing paid,used car,1,none,none,1,good
298,no checking,10,existing paid,new car,4,co applicant,none,1,good
299,no checking,18,existing paid,furniture/equipment,3,none,none,1,good
300,0<=X<200,21,critical/other existing credit,furniture/equipment,3,none,none,2,good
301,no checking,6,existing paid,new car,1,none,none,1,good
302,0<=X<200,36,no credits/all paid,radio/tv,4,none,none,1,bad
303,>=200,24,critical/other existing credit,new car,4,none,bank,2,bad
304,<0,10,critical/other existing credit,new car,4,co applicant,none,2,good
305,no checking,48,critical/other existing credit,new car,2,none,bank,1,bad
306,no checking,6,existing paid,furniture/equipment,4,none,none,1,good
307,no checking,30,existing paid,used car,2,none,stores,1,good
308,<0,12,existing paid,radio/tv,4,none,none,1,bad
309,0<=X<200,8,existing paid,furniture/equipment,3,none,none,1,bad
310,0<=X<200,9,existing paid,new car,4,none,none,1,good
311,0<=X<200,48,existing paid,other,3,none,bank,1,good
312,no checking,24,existing paid,furniture/equipment,4,none,stores,1,good
313,>=200,24,existing paid,furniture/equipment,2,none,none,1,good
314,0<=X<200,12,existing paid,new car,2,none,bank,1,bad
315,>=200,4,existing paid,new car,1,none,none,1,good
316,<0,36,all paid,furniture/equipment,4,none,bank,1,bad
317,<0,12,existing paid,furniture/equipment,2,guarantor,none,1,good
318,0<=X<200,24,existing paid,furniture/equipment,1,none,none,1,good
319,no checking,12,critical/other existing credit,education,4,none,none,2,good
320,<0,15,delayed previously,furniture/equipment,1,none,none,2,good
321,0<=X<200,30,critical/other existing credit,new car,4,none,none,2,bad
322,<0,24,existing paid,radio/tv,4,none,none,1,bad
323,<0,24,existing paid,used car,2,none,none,1,good
324,<0,18,existing paid,furniture/equipment,4,none,none,1,good
325,no checking,18,critical/other existing credit,new car,4,none,none,2,good
326,<0,8,critical/other existing credit,new car,1,none,none,2,good
327,no checking,12,critical/other existing credit,furniture/equipment,2,none,none,1,good
328,no checking,24,existing paid,new car,4,none,none,1,good
329,>=200,36,existing paid,radio/tv,4,none,none,1,good
330,0<=X<200,6,existing paid,radio/tv,4,none,none,1,good
331,<0,24,critical/other existing credit,used car,2,none,none,2,good
332,no checking,18,critical/other existing credit,education,4,none,none,2,bad
333,0<=X<200,60,existing paid,new car,4,none,none,1,bad
334,no checking,48,critical/other existing credit,used car,2,none,bank,2,bad
335,<0,24,no credits/all paid,furniture/equipment,3,none,bank,2,bad
336,<0,6,critical/other existing credit,furniture/equipment,1,none,none,1,bad
337,0<=X<200,13,existing paid,radio/tv,2,guarantor,none,1,good
338,<0,15,existing paid,domestic appliance,4,none,none,1,bad
339,<0,24,existing paid,furniture/equipment,4,none,none,1,good
340,0<=X<200,10,existing paid,furniture/equipment,4,none,none,1,good
341,0<=X<200,24,critical/other existing credit,education,2,none,none,2,good
342,<0,21,existing paid,furniture/equipment,1,none,none,1,good
343,0<=X<200,18,existing paid,radio/tv,1,none,none,1,good
344,0<=X<200,18,existing paid,business,1,co applicant,bank,1,good
345,>=200,10,existing paid,new car,1,guarantor,none,1,good
346,no checking,15,critical/other existing credit,radio/tv,4,none,none,1,good
347,0<=X<200,13,critical/other existing credit,radio/tv,4,guarantor,none,2,good
348,0<=X<200,24,existing paid,radio/tv,1,none,none,1,good
349,no checking,6,delayed previously,business,1,none,none,2,good
350,0<=X<200,9,critical/other existing credit,education,4,none,none,2,bad
351,no checking,9,existing paid,domestic appliance,1,none,none,1,good
352,0<=X<200,9,existing paid,furniture/equipment,1,none,none,1,bad
353,no checking,18,critical/other existing credit,used car,2,none,none,1,good
354,<0,12,no credits/all paid,radio/tv,4,none,none,2,bad
355,no checking,10,existing paid,education,4,none,none,1,good
356,0<=X<200,24,existing paid,new car,4,none,stores,1,bad
357,no checking,12,critical/other existing credit,radio/tv,1,co applicant,none,1,good
358,no checking,36,delayed previously,radio/tv,4,none,none,2,bad
359,no checking,12,existing paid,radio/tv,4,none,none,1,good
360,<0,30,existing paid,furniture/equipment,4,none,none,1,bad
361,0<=X<200,18,existing paid,education,4,none,none,1,good
362,>=200,12,existing paid,radio/tv,2,none,none,1,good
363,>=200,12,delayed previously,new car,2,none,stores,2,good
364,no checking,6,existing paid,furniture/equipment,1,none,none,1,good
365,<0,18,existing paid,furniture/equipment,4,none,none,1,bad
366,no checking,12,existing paid,business,2,none,none,1,good
367,no checking,18,critical/other existing credit,used car,3,none,none,2,good
368,<0,18,existing paid,furniture/equipment,1,none,none,1,good
369,<0,36,existing paid,furniture/equipment,4,none,none,1,bad
370,0<=X<200,18,existing paid,furniture/equipment,2,none,none,1,good
371,no checking,36,existing paid,new car,4,none,none,1,good
372,no checking,18,critical/other existing credit,radio/tv,3,none,none,2,good
373,no checking,10,critical/other existing credit,furniture/equipment,1,none,none,2,good
374,no checking,60,critical/other existing credit,new car,2,none,bank,1,good
375,0<=X<200,60,all paid,other,3,none,bank,2,bad
376,<0,48,all paid,business,2,guarantor,none,1,bad
377,no checking,18,delayed previously,radio/tv,2,none,none,2,good
378,no checking,7,delayed previously,radio/tv,3,none,none,1,good
379,0<=X<200,36,existing paid,new car,4,none,none,1,bad
380,no checking,6,critical/other existing credit,new car,4,none,none,2,good
381,<0,20,existing paid,furniture/equipment,4,none,none,1,good
382,0<=X<200,18,existing paid,used car,3,none,none,1,bad
383,no checking,22,existing paid,new car,4,none,none,1,good
384,>=200,12,existing paid,new car,4,none,none,1,good
385,no checking,30,delayed previously,business,2,none,none,2,good
386,no checking,18,critical/other existing credit,radio/tv,2,none,none,2,good
387,no checking,18,existing paid,radio/tv,4,none,none,1,good
388,0<=X<200,18,critical/other existing credit,furniture/equipment,4,none,stores,2,good
389,0<=X<200,15,critical/other existing credit,business,2,none,bank,1,good
390,no checking,9,existing paid,business,3,none,none,2,good
391,no checking,18,existing paid,new car,2,none,none,1,good
392,0<=X<200,12,existing paid,furniture/equipment,1,none,none,1,good
393,<0,36,existing paid,new car,2,none,bank,1,good
394,<0,6,critical/other existing credit,radio/tv,1,none,none,1,good
395,no checking,9,critical/other existing credit,furniture/equipment,2,none,none,1,good
396,0<=X<200,39,delayed previously,education,2,none,none,1,good
397,<0,12,existing paid,furniture/equipment,3,none,none,1,good
398,<0,36,critical/other existing credit,furniture/equipment,3,none,none,2,good
399,0<=X<200,12,existing paid,new car,1,none,none,2,bad
400,no checking,24,critical/other existing credit,radio/tv,4,none,none,2,good
401,no checking,18,existing paid,radio/tv,3,none,none,1,good
402,0<=X<200,18,critical/other existing credit,business,4,none,bank,2,good
403,no checking,24,delayed previously,business,2,none,bank,2,bad
404,no checking,14,delayed previously,new car,4,none,none,2,good
405,0<=X<200,18,delayed previously,new car,4,none,none,1,good
406,0<=X<200,24,existing paid,radio/tv,1,none,none,1,bad
407,no checking,24,critical/other existing credit,used car,4,none,none,2,good
408,<0,15,existing paid,radio/tv,4,none,none,1,good
409,no checking,24,existing paid,radio/tv,3,none,none,1,good
410,>=200,12,critical/other existing credit,new car,4,none,none,3,bad
411,0<=X<200,24,existing paid,radio/tv,4,none,none,1,good
412,no checking,33,critical/other existing credit,used car,3,none,none,2,good
413,no checking,12,critical/other existing credit,business,4,none,stores,2,bad
414,no checking,10,existing paid,new car,3,none,none,1,good
415,<0,24,existing paid,new car,4,none,none,1,bad
416,no checking,36,critical/other existing credit,used car,2,none,none,2,good
417,<0,12,existing paid,new car,4,none,none,1,bad
418,<0,18,delayed previously,education,1,none,none,2,good
419,no checking,21,existing paid,new car,1,none,bank,1,good
420,0<=X<200,18,existing paid,new car,4,none,none,1,bad
421,no checking,15,existing paid,new car,2,none,none,1,good
422,0<=X<200,12,existing paid,used car,4,none,none,1,good
423,0<=X<200,12,critical/other existing credit,new car,2,none,none,2,good
424,no checking,21,delayed previously,furniture/equipment,4,none,none,2,good
425,0<=X<200,12,existing paid,furniture/equipment,1,none,bank,1,bad
426,0<=X<200,18,existing paid,used car,1,none,none,1,good
427,no checking,28,critical/other existing credit,radio/tv,4,none,none,2,good
428,no checking,18,critical/other existing credit,radio/tv,4,none,none,2,good
429,no checking,9,existing paid,furniture/equipment,1,none,none,1,good
430,<0,18,critical/other existing credit,repairs,2,none,none,3,bad
431,no checking,5,existing paid,business,1,none,none,1,good
432,0<=X<200,24,existing paid,other,2,co applicant,bank,2,bad
433,<0,6,critical/other existing credit,furniture/equipment,4,none,none,3,good
434,no checking,24,critical/other existing credit,repairs,4,none,none,2,good
435,<0,9,existing paid,furniture/equipment,3,none,none,1,good
436,0<=X<200,12,existing paid,radio/tv,2,none,none,1,bad
437,no checking,6,existing paid,repairs,2,none,none,1,good
438,no checking,24,critical/other existing credit,new car,4,none,none,2,good
439,<0,42,critical/other existing credit,repairs,4,co applicant,none,2,good
440,>=200,12,all paid,business,4,none,none,1,bad
441,no checking,12,existing paid,new car,4,none,none,1,good
442,<0,12,existing paid,furniture/equipment,2,co applicant,none,1,good
443,0<=X<200,20,delayed previously,other,2,none,bank,2,good
444,no checking,12,existing paid,education,4,none,bank,1,bad
445,0<=X<200,48,critical/other existing credit,furniture/equipment,2,none,none,1,bad
446,no checking,9,critical/other existing credit,education,4,none,none,2,good
447,<0,36,existing paid,new car,4,none,none,1,bad
448,0<=X<200,7,existing paid,radio/tv,2,guarantor,none,1,good
449,>=200,12,existing paid,furniture/equipment,3,none,none,1,good
450,0<=X<200,15,delayed previously,repairs,3,none,stores,2,bad
451,no checking,36,critical/other existing credit,used car,4,none,none,1,good
452,no checking,6,existing paid,radio/tv,3,none,none,1,good
453,no checking,12,no credits/all paid,furniture/equipment,2,none,none,2,good
454,no checking,24,existing paid,used car,4,none,none,1,good
455,<0,24,existing paid,new car,2,co applicant,none,1,bad
456,no checking,24,existing paid,used car,4,none,none,1,good
457,<0,11,critical/other existing credit,new car,2,none,none,2,good
458,<0,12,existing paid,used car,3,none,none,1,bad
459,<0,6,existing paid,domestic appliance,4,none,none,1,good
460,no checking,18,existing paid,radio/tv,3,none,none,1,good
461,<0,36,existing paid,furniture/equipment,1,guarantor,none,1,good
462,<0,15,existing paid,new car,2,none,none,1,good
463,0<=X<200,12,existing paid,furniture/equipment,3,none,none,1,good
464,0<=X<200,12,existing paid,retraining,4,none,none,2,good
465,no checking,18,existing paid,business,4,none,stores,2,good
466,<0,24,existing paid,used car,3,guarantor,bank,1,good
467,<0,24,delayed previously,radio/tv,4,none,none,1,bad
468,no checking,48,delayed previously,radio/tv,3,none,bank,2,good
469,no checking,33,delayed previously,business,2,none,none,2,good
470,no checking,24,delayed previously,used car,3,none,none,2,good
471,0<=X<200,24,existing paid,radio/tv,3,none,none,1,bad
472,<0,6,existing paid,education,4,none,none,1,bad
473,<0,9,existing paid,new car,4,none,none,1,bad
474,no checking,6,existing paid,retraining,4,none,none,1,good
475,0<=X<200,18,critical/other existing credit,radio/tv,4,none,none,1,bad
476,<0,18,no credits/all paid,furniture/equipment,1,none,none,1,bad
477,no checking,39,existing paid,used car,4,none,none,1,good
478,>=200,24,existing paid,radio/tv,4,none,bank,1,good
479,0<=X<200,12,existing paid,business,3,none,none,1,good
480,<0,15,critical/other existing credit,furniture/equipment,4,none,none,2,good
481,0<=X<200,12,critical/other existing credit,radio/tv,1,none,none,1,good
482,0<=X<200,24,existing paid,new car,4,none,none,1,good
483,<0,30,existing paid,furniture/equipment,4,none,none,2,good
484,no checking,15,delayed previously,furniture/equipment,3,none,none,2,good
485,no checking,12,critical/other existing credit,new car,4,none,none,1,good
486,0<=X<200,6,delayed previously,new car,4,none,none,1,bad
487,no checking,12,existing paid,radio/tv,2,none,none,1,good
488,no checking,24,existing paid,new car,4,co applicant,none,1,good
489,no checking,10,existing paid,new car,3,none,none,1,good
490,no checking,6,existing paid,new car,2,guarantor,none,1,good
491,no checking,12,critical/other existing credit,radio/tv,2,none,none,2,good
492,0<=X<200,27,no credits/all paid,business,2,none,none,2,bad
493,no checking,6,critical/other existing credit,radio/tv,1,none,none,2,good
494,0<=X<200,6,existing paid,radio/tv,4,none,none,1,good
495,<0,12,critical/other existing credit,new car,3,none,none,2,good
496,<0,24,existing paid,furniture/equipment,2,none,none,1,bad
497,0<=X<200,36,existing paid,furniture/equipment,4,co applicant,none,1,bad
498,no checking,24,critical/other existing credit,furniture/equipment,4,none,none,2,good
499,0<=X<200,18,existing paid,radio/tv,4,guarantor,none,1,good
500,>=200,6,critical/other existing credit,new car,2,none,none,2,good
501,<0,24,existing paid,new car,4,none,none,1,bad
502,<0,36,existing paid,used car,2,none,none,1,good
503,>=200,9,existing paid,radio/tv,2,none,none,1,good
504,0<=X<200,24,critical/other existing credit,radio/tv,4,none,bank,2,bad
505,<0,24,existing paid,new car,4,none,none,1,bad
506,no checking,10,existing paid,new car,4,guarantor,none,1,bad
507,>=200,15,critical/other existing credit,used car,2,none,none,1,good
508,0<=X<200,15,all paid,new car,1,none,none,1,bad
509,no checking,24,existing paid,radio/tv,4,none,none,1,good
510,no checking,39,existing paid,used car,4,none,none,1,good
511,<0,12,existing paid,new car,4,none,none,1,bad
512,no checking,36,existing paid,used car,2,none,none,1,good
513,>=200,15,existing paid,business,2,none,none,1,good
514,0<=X<200,12,delayed previously,radio/tv,4,co applicant,none,2,good
515,no checking,24,existing paid,new car,4,none,none,1,good
516,<0,6,critical/other existing credit,new car,4,none,none,2,good
517,<0,6,critical/other existing credit,new car,2,none,none,1,good
518,no checking,36,critical/other existing credit,furniture/equipment,2,none,none,2,bad
519,<0,6,existing paid,new car,3,none,none,1,good
520,no checking,6,critical/other existing credit,radio/tv,4,none,none,2,good
521,no checking,24,critical/other existing credit,repairs,3,none,none,2,good
522,<0,18,existing paid,radio/tv,2,none,none,1,bad
523,<0,48,no credits/all paid,furniture/equipment,3,none,none,2,bad
524,no checking,24,existing paid,used car,3,none,none,1,good
525,0<=X<200,18,existing paid,radio/tv,4,guarantor,none,1,good
526,0<=X<200,26,existing paid,used car,2,none,none,2,good
527,no checking,15,critical/other existing credit,education,4,none,none,1,good
528,no checking,4,critical/other existing credit,radio/tv,2,none,none,2,good
529,<0,36,existing paid,radio/tv,4,none,none,1,bad
530,<0,6,existing paid,new car,3,none,none,1,good
531,0<=X<200,36,existing paid,education,3,none,none,2,good
532,0<=X<200,15,existing paid,new car,2,none,none,2,bad
533,no checking,12,delayed previously,used car,4,none,none,1,good
534,no checking,24,existing paid,radio/tv,4,none,none,1,good
535,no checking,24,existing paid,radio/tv,4,none,none,2,good
536,>=200,21,critical/other existing credit,education,2,none,none,1,bad
537,<0,6,existing paid,new car,4,none,none,1,good
538,0<=X<200,18,critical/other existing credit,furniture/equipment,3,none,none,1,good
539,<0,48,existing paid,new car,4,none,bank,1,bad
540,>=200,18,existing paid,furniture/equipment,1,none,stores,1,good
541,0<=X<200,12,existing paid,radio/tv,1,none,none,1,bad
542,no checking,24,delayed previously,new car,4,none,none,2,good
543,<0,30,existing paid,furniture/equipment,4,none,none,1,bad
544,>=200,18,existing paid,furniture/equipment,2,none,none,1,bad
545,no checking,12,critical/other existing credit,new car,4,none,none,2,good
546,<0,24,delayed previously,new car,4,none,none,2,bad
547,no checking,24,critical/other existing credit,new car,4,none,none,1,good
548,no checking,24,existing paid,radio/tv,3,none,bank,1,good
549,<0,12,all paid,radio/tv,4,none,bank,1,bad
550,no checking,48,critical/other existing credit,used car,2,none,none,2,good
551,no checking,12,critical/other existing credit,repairs,4,none,none,2,good
552,no checking,6,all paid,radio/tv,2,none,bank,1,good
553,<0,48,existing paid,radio/tv,1,guarantor,none,2,bad
554,0<=X<200,12,critical/other existing credit,new car,4,none,none,1,good
555,0<=X<200,9,existing paid,education,4,none,none,2,good
556,0<=X<200,12,existing paid,radio/tv,2,none,stores,1,bad
557,0<=X<200,18,no credits/all paid,new car,3,none,none,2,bad
558,no checking,21,no credits/all paid,new car,1,none,bank,2,bad
559,<0,24,all paid,furniture/equipment,3,none,bank,1,bad
560,0<=X<200,18,critical/other existing credit,furniture/equipment,2,none,none,2,bad
561,<0,24,existing paid,used car,4,none,bank,1,good
562,<0,24,all paid,radio/tv,4,guarantor,bank,1,bad
563,>=200,6,delayed previously,radio/tv,2,none,bank,1,good
564,0<=X<200,36,existing paid,new car,1,none,none,1,bad
565,0<=X<200,24,delayed previously,business,4,none,bank,2,good
566,0<=X<200,24,delayed previously,radio/tv,3,none,none,2,good
567,<0,12,existing paid,new car,2,none,none,1,bad
568,no checking,24,critical/other existing credit,radio/tv,2,none,none,1,good
569,0<=X<200,48,existing paid,radio/tv,4,none,none,2,good
570,<0,48,existing paid,radio/tv,3,none,none,1,bad
571,<0,24,existing paid,furniture/equipment,4,none,none,1,bad
572,no checking,30,critical/other existing credit,radio/tv,3,co applicant,none,1,good
573,no checking,24,existing paid,used car,2,none,none,1,good
574,<0,15,existing paid,business,4,none,none,1,good
575,0<=X<200,9,existing paid,radio/tv,4,none,none,2,good
576,no checking,15,critical/other existing credit,furniture/equipment,2,co applicant,bank,2,good
577,0<=X<200,12,existing paid,radio/tv,2,none,none,1,good
578,no checking,24,critical/other existing credit,education,3,none,none,2,good
579,0<=X<200,36,critical/other existing credit,new car,4,none,none,2,bad
580,no checking,24,existing paid,retraining,4,none,none,2,good
581,0<=X<200,18,critical/other existing credit,new car,3,guarantor,bank,2,bad
582,0<=X<200,12,critical/other existing credit,new car,1,none,bank,2,good
583,no checking,9,existing paid,furniture/equipment,4,none,none,1,good
584,0<=X<200,36,existing paid,repairs,4,none,none,1,bad
585,no checking,12,existing paid,new car,4,none,none,1,good
586,<0,18,existing paid,furniture/equipment,1,none,bank,1,bad
587,<0,9,critical/other existing credit,new car,2,none,none,2,good
588,<0,12,existing paid,furniture/equipment,4,guarantor,none,1,good
589,<0,18,existing paid,domestic appliance,4,none,none,1,bad
590,<0,12,critical/other existing credit,furniture/equipment,3,none,none,2,bad
591,<0,12,critical/other existing credit,radio/tv,4,none,none,4,good
592,0<=X<200,24,delayed previously,new car,4,none,none,2,good
593,no checking,21,existing paid,business,4,none,bank,1,good
594,0<=X<200,24,existing paid,new car,3,none,none,1,bad
595,<0,24,all paid,other,4,none,stores,1,bad
596,0<=X<200,6,all paid,new car,1,none,stores,1,bad
597,<0,24,existing paid,new car,4,none,none,2,bad
598,0<=X<200,24,no credits/all paid,business,1,none,none,3,bad
599,no checking,18,critical/other existing credit,new car,2,none,bank,2,bad
600,no checking,24,delayed previously,business,1,none,none,1,good
601,0<=X<200,7,existing paid,radio/tv,1,guarantor,none,1,good
602,0<=X<200,9,existing paid,furniture/equipment,4,none,none,1,bad
603,0<=X<200,24,all paid,education,4,none,bank,1,bad
604,no checking,36,existing paid,furniture/equipment,4,none,none,1,bad
605,>=200,10,existing paid,furniture/equipment,4,none,none,1,good
606,<0,24,all paid,furniture/equipment,4,none,stores,1,good
607,no checking,24,critical/other existing credit,business,3,none,none,1,good
608,0<=X<200,36,existing paid,radio/tv,4,co applicant,none,1,bad
609,no checking,18,existing paid,radio/tv,4,none,none,1,good
610,no checking,15,existing paid,used car,4,none,bank,1,good
611,<0,12,existing paid,domestic appliance,4,none,none,1,bad
612,>=200,10,existing paid,new car,1,none,none,1,bad
613,<0,21,existing paid,radio/tv,4,none,bank,1,good
614,<0,24,all paid,used car,1,guarantor,bank,1,good
615,no checking,18,delayed previously,furniture/equipment,4,none,none,1,bad
616,0<=X<200,48,no credits/all paid,business,2,none,bank,1,good
617,0<=X<200,60,delayed previously,radio/tv,2,none,none,1,good
618,<0,6,critical/other existing credit,new car,1,none,none,3,good
619,0<=X<200,30,existing paid,furniture/equipment,2,co applicant,none,1,bad
620,no checking,12,existing paid,new car,4,none,none,1,good
621,0<=X<200,21,critical/other existing credit,business,2,none,none,2,good
622,no checking,18,critical/other existing credit,new car,3,none,bank,2,bad
623,no checking,48,existing paid,business,4,none,bank,1,bad
624,<0,12,existing paid,furniture/equipment,4,none,none,1,good
625,<0,18,existing paid,radio/tv,4,none,none,2,bad
626,no checking,15,existing paid,radio/tv,4,none,none,1,good
627,>=200,6,existing paid,furniture/equipment,2,none,none,1,good
628,0<=X<200,9,all paid,new car,2,none,none,1,bad
629,no checking,42,critical/other existing credit,furniture/equipment,4,none,none,2,good
630,no checking,9,existing paid,education,1,none,none,1,good
631,<0,24,existing paid,radio/tv,2,none,none,1,good
632,<0,18,all paid,furniture/equipment,4,none,bank,1,bad
633,0<=X<200,15,existing paid,radio/tv,4,none,none,1,good
634,no checking,9,existing paid,furniture/equipment,2,co applicant,none,2,bad
635,0<=X<200,24,existing paid,new car,3,none,none,1,bad
636,no checking,12,existing paid,education,4,none,bank,3,good
637,no checking,24,existing paid,radio/tv,4,none,none,1,good
638,no checking,60,delayed previously,radio/tv,2,none,none,2,good
639,no checking,12,existing paid,radio/tv,4,none,none,1,good
640,<0,42,delayed previously,radio/tv,3,none,bank,2,bad
641,<0,18,existing paid,education,4,none,none,1,bad
642,0<=X<200,15,existing paid,repairs,4,none,none,2,good
643,no checking,15,existing paid,education,3,none,none,1,bad
644,no checking,24,critical/other existing credit,radio/tv,4,guarantor,none,2,good
645,<0,18,critical/other existing credit,radio/tv,4,none,none,2,good
646,no checking,36,delayed previously,business,4,none,none,2,bad
647,<0,30,no credits/all paid,furniture/equipment,2,guarantor,none,2,good
648,no checking,12,existing paid,new car,2,none,none,1,bad
649,>=200,24,existing paid,new car,4,none,bank,1,bad
650,<0,12,existing paid,education,4,none,none,1,bad
651,<0,48,existing paid,education,4,none,none,1,good
652,0<=X<200,12,existing paid,furniture/equipment,4,none,none,1,bad
653,<0,24,existing paid,new car,4,co applicant,none,1,bad
654,0<=X<200,36,delayed previously,new car,2,none,none,4,bad
655,no checking,24,critical/other existing credit,used car,4,none,none,2,good
656,<0,14,existing paid,new car,1,none,none,1,good
657,0<=X<200,12,existing paid,new car,4,none,bank,1,bad
658,no checking,48,existing paid,radio/tv,4,none,stores,1,good
659,0<=X<200,30,no credits/all paid,business,2,none,none,2,good
660,0<=X<200,18,critical/other existing credit,furniture/equipment,2,none,none,1,good
661,>=200,12,existing paid,radio/tv,3,none,none,1,good
662,<0,12,existing paid,new car,4,none,none,1,bad
663,no checking,21,existing paid,furniture/equipment,4,none,none,2,good
664,0<=X<200,6,delayed previously,furniture/equipment,4,none,stores,2,good
665,>=200,6,critical/other existing credit,education,2,none,none,1,good
666,no checking,24,critical/other existing credit,other,4,co applicant,bank,2,good
667,0<=X<200,30,all paid,furniture/equipment,4,none,stores,1,good
668,no checking,48,all paid,business,1,none,stores,1,good
669,<0,12,critical/other existing credit,new car,3,co applicant,none,2,bad
670,>=200,30,critical/other existing credit,radio/tv,4,none,none,1,good
671,no checking,24,critical/other existing credit,business,3,none,none,2,good
672,no checking,36,existing paid,business,2,none,none,2,good
673,no checking,60,existing paid,new car,2,none,none,1,good
674,no checking,6,critical/other existing credit,new car,1,none,none,1,good
675,no checking,21,delayed previously,business,4,none,bank,1,bad
676,no checking,30,critical/other existing credit,radio/tv,4,none,none,1,good
677,no checking,24,critical/other existing credit,furniture/equipment,4,none,none,1,good
678,0<=X<200,72,existing paid,radio/tv,2,none,none,1,bad
679,<0,24,existing paid,radio/tv,4,none,bank,1,good
680,no checking,18,existing paid,radio/tv,3,none,none,1,good
681,no checking,6,existing paid,education,1,none,none,1,good
682,no checking,12,existing paid,radio/tv,4,none,none,1,good
683,no checking,15,delayed previously,radio/tv,4,none,bank,2,good
684,no checking,24,critical/other existing credit,radio/tv,3,none,none,3,good
685,0<=X<200,36,delayed previously,business,1,none,none,2,good
686,no checking,60,existing paid,new car,4,none,none,1,good
687,>=200,10,critical/other existing credit,radio/tv,4,none,none,2,good
688,0<=X<200,36,delayed previously,new car,4,none,none,1,good
689,no checking,9,existing paid,radio/tv,3,co applicant,none,1,good
690,<0,12,existing paid,new car,1,none,none,1,good
691,<0,15,critical/other existing credit,furniture/equipment,2,none,none,2,good
692,0<=X<200,15,existing paid,repairs,3,none,none,1,good
693,0<=X<200,24,existing paid,radio/tv,2,none,none,1,good
694,<0,6,critical/other existing credit,new car,1,none,none,2,good
695,no checking,24,existing paid,radio/tv,4,none,none,1,good
696,no checking,6,existing paid,used car,2,none,none,1,good
697,0<=X<200,12,existing paid,radio/tv,4,guarantor,none,2,good
698,no checking,12,critical/other existing credit,new car,1,none,none,1,good
699,no checking,18,critical/other existing credit,radio/tv,4,none,none,2,good
700,>=200,15,existing paid,education,4,none,none,1,good
701,no checking,12,existing paid,furniture/equipment,4,none,none,1,bad
702,<0,48,critical/other existing credit,used car,4,none,none,2,bad
703,>=200,24,existing paid,radio/tv,4,none,none,1,good
704,0<=X<200,30,delayed previously,business,4,none,stores,2,good
705,0<=X<200,27,existing paid,business,4,none,none,1,good
706,no checking,15,existing paid,new car,1,none,none,1,good
707,0<=X<200,48,existing paid,new car,3,none,none,1,bad
708,0<=X<200,12,no credits/all paid,furniture/equipment,4,none,none,2,bad
709,0<=X<200,9,existing paid,radio/tv,4,none,none,1,good
710,0<=X<200,9,existing paid,radio/tv,2,none,none,1,good
711,no checking,18,critical/other existing credit,radio/tv,4,none,bank,2,good
712,<0,6,all paid,education,4,none,none,1,bad
713,no checking,21,existing paid,used car,4,none,none,1,good
714,<0,9,critical/other existing credit,radio/tv,4,none,none,2,good
715,0<=X<200,60,existing paid,new car,4,none,none,1,bad
716,no checking,30,critical/other existing credit,used car,1,none,none,2,good
717,no checking,30,critical/other existing credit,radio/tv,3,none,none,2,good
718,no checking,18,existing paid,radio/tv,4,none,none,1,good
719,>=200,24,critical/other existing credit,radio/tv,3,none,none,2,good
720,0<=X<200,20,no credits/all paid,used car,3,none,bank,2,good
721,>=200,9,no credits/all paid,radio/tv,4,none,none,2,bad
722,0<=X<200,6,all paid,education,4,none,bank,1,bad
723,<0,12,existing paid,new car,4,none,none,1,bad
724,0<=X<200,9,existing paid,radio/tv,4,none,none,1,good
725,no checking,27,existing paid,new car,3,none,none,1,bad
726,no checking,6,critical/other existing credit,new car,2,none,bank,2,good
727,no checking,15,critical/other existing credit,radio/tv,2,none,none,2,good
728,<0,18,existing paid,radio/tv,4,none,bank,2,bad
729,0<=X<200,48,all paid,business,4,none,none,1,bad
730,>=200,24,critical/other existing credit,business,2,none,none,2,good
731,0<=X<200,24,delayed previously,radio/tv,1,none,none,1,good
732,<0,24,existing paid,radio/tv,2,none,none,1,bad
733,0<=X<200,8,existing paid,radio/tv,4,guarantor,none,1,good
734,no checking,24,existing paid,used car,2,none,none,1,good
735,no checking,4,critical/other existing credit,new car,1,none,none,1,good
736,0<=X<200,36,all paid,domestic appliance,3,none,bank,1,good
737,0<=X<200,24,existing paid,used car,1,none,none,2,bad
738,<0,18,existing paid,new car,3,none,none,1,good
739,no checking,6,critical/other existing credit,new car,1,none,none,2,good
740,0<=X<200,30,no credits/all paid,business,4,none,none,2,bad
741,<0,24,all paid,new car,2,none,bank,1,good
742,0<=X<200,10,all paid,radio/tv,4,none,stores,1,good
743,no checking,21,existing paid,radio/tv,4,none,none,1,good
744,<0,24,all paid,furniture/equipment,4,none,stores,1,good
745,<0,39,critical/other existing credit,furniture/equipment,4,none,none,2,good
746,<0,13,critical/other existing credit,business,3,none,bank,2,good
747,<0,15,existing paid,new car,1,none,none,1,good
748,<0,12,existing paid,new car,3,none,none,1,bad
749,no checking,21,existing paid,used car,1,none,none,1,good
750,no checking,15,existing paid,used car,2,none,none,1,good
751,<0,6,existing paid,furniture/equipment,2,none,bank,1,good
752,<0,18,existing paid,new car,1,none,none,1,bad
753,0<=X<200,12,existing paid,business,2,none,none,1,good
754,no checking,30,critical/other existing credit,radio/tv,4,none,none,2,good
755,no checking,12,delayed previously,repairs,4,none,none,2,bad
756,<0,24,existing paid,new car,4,none,none,1,bad
757,>=200,6,critical/other existing credit,new car,1,none,none,3,good
758,>=200,15,critical/other existing credit,radio/tv,3,none,none,2,bad
759,no checking,24,existing paid,new car,2,guarantor,none,1,good
760,<0,12,critical/other existing credit,new car,4,none,none,2,bad
761,no checking,15,critical/other existing credit,new car,1,none,none,1,good
762,<0,18,critical/other existing credit,furniture/equipment,4,none,none,2,bad
763,<0,12,existing paid,radio/tv,4,none,none,1,good
764,no checking,21,critical/other existing credit,new car,4,none,none,1,bad
765,no checking,24,critical/other existing credit,new car,4,none,none,2,good
766,0<=X<200,12,existing paid,radio/tv,3,guarantor,bank,2,good
767,<0,30,existing paid,furniture/equipment,2,none,none,1,bad
768,no checking,10,existing paid,used car,1,none,none,1,good
769,0<=X<200,12,critical/other existing credit,furniture/equipment,1,none,none,3,good
770,no checking,12,critical/other existing credit,radio/tv,2,none,none,2,good
771,<0,24,existing paid,used car,2,none,none,1,good
772,<0,36,critical/other existing credit,education,3,none,none,2,bad
773,no checking,21,critical/other existing credit,used car,1,none,none,1,good
774,no checking,24,critical/other existing credit,radio/tv,4,none,bank,2,good
775,>=200,12,critical/other existing credit,new car,2,none,bank,3,good
776,<0,24,existing paid,new car,4,none,none,1,bad
777,no checking,36,critical/other existing credit,new car,4,none,none,2,good
778,<0,18,existing paid,radio/tv,4,guarantor,none,1,good
779,no checking,36,critical/other existing credit,used car,4,none,none,2,good
780,0<=X<200,18,existing paid,repairs,2,none,none,1,good
781,0<=X<200,39,critical/other existing credit,radio/tv,2,guarantor,none,2,bad
782,no checking,24,critical/other existing credit,new car,4,none,none,1,good
783,0<=X<200,12,no credits/all paid,retraining,2,none,none,1,good
784,0<=X<200,12,existing paid,new car,4,none,bank,1,bad
785,0<=X<200,20,existing paid,used car,1,none,none,1,good
786,0<=X<200,18,existing paid,business,4,none,none,1,good
787,no checking,22,existing paid,radio/tv,3,none,none,1,good
788,no checking,48,critical/other existing credit,used car,4,none,none,2,good
789,0<=X<200,48,delayed previously,education,4,none,none,1,bad
790,<0,40,critical/other existing credit,education,4,none,bank,1,bad
791,0<=X<200,21,existing paid,business,2,none,none,1,bad
792,no checking,24,existing paid,used car,3,none,none,1,good
793,no checking,6,critical/other existing credit,furniture/equipment,1,none,none,2,good
794,>=200,24,existing paid,furniture/equipment,3,none,none,1,good
795,no checking,24,existing paid,furniture/equipment,4,none,none,1,good
796,no checking,9,existing paid,furniture/equipment,2,none,none,1,good
797,<0,18,existing paid,used car,1,none,none,1,bad
798,no checking,12,critical/other existing credit,furniture/equipment,2,none,none,2,good
799,no checking,24,delayed previously,new car,4,none,none,2,good
800,0<=X<200,9,existing paid,new car,4,none,none,1,good
801,no checking,24,critical/other existing credit,education,4,none,none,2,good
802,0<=X<200,18,critical/other existing credit,radio/tv,3,guarantor,bank,2,good
803,<0,20,critical/other existing credit,furniture/equipment,1,none,none,2,good
804,no checking,12,critical/other existing credit,radio/tv,4,none,none,2,good
805,0<=X<200,12,existing paid,new car,1,none,none,1,good
806,<0,36,existing paid,new car,2,none,none,1,bad
807,0<=X<200,6,existing paid,radio/tv,3,none,none,1,good
808,no checking,12,critical/other existing credit,radio/tv,4,none,none,4,good
809,0<=X<200,42,all paid,used car,1,none,bank,1,good
810,0<=X<200,15,no credits/all paid,new car,2,none,none,2,bad
811,0<=X<200,8,existing paid,business,3,none,none,1,good
812,0<=X<200,6,existing paid,radio/tv,3,guarantor,bank,1,good
813,<0,36,critical/other existing credit,used car,4,none,none,2,bad
814,<0,48,existing paid,domestic appliance,3,none,none,1,bad
815,<0,48,existing paid,new car,4,none,none,1,bad
816,0<=X<200,36,delayed previously,new car,2,none,none,1,good
817,no checking,6,existing paid,domestic appliance,1,none,none,1,good
818,no checking,6,critical/other existing credit,radio/tv,1,none,none,2,good
819,<0,36,existing paid,other,2,co applicant,none,1,good
820,<0,18,existing paid,radio/tv,4,none,bank,1,bad
821,no checking,12,existing paid,new car,3,none,none,2,good
822,>=200,12,existing paid,radio/tv,3,none,none,1,good
823,<0,36,existing paid,furniture/equipment,2,none,bank,1,bad
824,<0,8,critical/other existing credit,new car,4,none,none,2,good
825,no checking,18,critical/other existing credit,furniture/equipment,3,none,none,2,good
826,<0,21,critical/other existing credit,new car,4,none,none,2,good
827,<0,18,critical/other existing credit,new car,1,none,bank,3,bad
828,no checking,18,no credits/all paid,business,2,none,stores,2,bad
829,<0,36,existing paid,used car,3,none,none,1,bad
830,0<=X<200,48,delayed previously,business,4,none,none,1,good
831,no checking,24,delayed previously,business,4,none,none,2,good
832,<0,18,existing paid,new car,4,none,none,1,bad
833,<0,45,no credits/all paid,business,2,none,none,2,bad
834,0<=X<200,24,existing paid,radio/tv,2,none,none,1,good
835,>=200,15,existing paid,radio/tv,2,none,none,1,bad
836,<0,12,no credits/all paid,new car,4,none,bank,2,bad
837,no checking,12,existing paid,radio/tv,4,none,none,1,good
838,no checking,4,existing paid,furniture/equipment,1,none,none,1,good
839,<0,24,critical/other existing credit,used car,4,none,none,2,good
840,no checking,24,critical/other existing credit,radio/tv,4,co applicant,none,2,good
841,<0,36,existing paid,furniture/equipment,4,none,none,1,bad
842,no checking,21,delayed previously,used car,3,none,stores,2,good
843,no checking,18,existing paid,repairs,4,none,none,1,bad
844,no checking,24,all paid,business,4,none,bank,1,good
845,no checking,18,existing paid,furniture/equipment,4,none,bank,3,good
846,0<=X<200,21,existing paid,furniture/equipment,2,none,none,1,good
847,no checking,18,existing paid,new car,2,none,none,2,bad
848,no checking,24,existing paid,new car,4,none,none,1,good
849,<0,9,existing paid,radio/tv,3,none,none,1,good
850,<0,12,existing paid,radio/tv,4,none,stores,1,bad
851,<0,20,critical/other existing credit,new car,4,guarantor,bank,2,bad
852,no checking,24,critical/other existing credit,used car,3,none,none,2,good
853,no checking,15,critical/other existing credit,radio/tv,4,none,none,2,good
854,<0,18,all paid,new car,4,none,none,2,bad
855,no checking,36,delayed previously,new car,2,none,none,2,good
856,no checking,24,existing paid,new car,4,none,none,1,good
857,no checking,10,existing paid,retraining,4,none,none,1,good
858,no checking,15,critical/other existing credit,furniture/equipment,4,none,none,1,good
859,<0,15,existing paid,new car,3,none,none,1,bad
860,no checking,9,existing paid,new car,1,guarantor,none,1,good
861,no checking,24,critical/other existing credit,used car,4,none,none,2,good
862,no checking,18,delayed previously,business,4,none,none,1,bad
863,<0,24,existing paid,radio/tv,4,none,none,1,bad
864,no checking,27,critical/other existing credit,furniture/equipment,4,none,stores,2,good
865,no checking,10,existing paid,furniture/equipment,2,none,bank,1,bad
866,no checking,15,existing paid,furniture/equipment,2,none,none,1,good
867,<0,18,existing paid,radio/tv,4,none,stores,1,good
868,no checking,12,critical/other existing credit,furniture/equipment,2,none,stores,1,good
869,no checking,36,existing paid,business,3,none,none,2,good
870,<0,12,existing paid,furniture/equipment,4,none,none,1,good
871,no checking,36,delayed previously,furniture/equipment,2,none,none,2,good
872,>=200,6,critical/other existing credit,new car,1,none,none,2,good
873,<0,24,critical/other existing credit,business,4,none,none,2,good
874,no checking,15,existing paid,domestic appliance,4,none,none,1,good
875,<0,12,existing paid,furniture/equipment,2,co applicant,none,1,good
876,0<=X<200,11,critical/other existing credit,new car,4,none,none,2,good
877,<0,18,all paid,radio/tv,3,co applicant,bank,1,good
878,no checking,36,existing paid,radio/tv,4,none,none,1,good
879,<0,9,existing paid,new car,3,none,none,1,bad
880,no checking,30,critical/other existing credit,radio/tv,2,none,none,2,good
881,no checking,24,existing paid,used car,3,none,none,1,good
882,no checking,24,existing paid,used car,2,none,none,1,good
883,0<=X<200,30,critical/other existing credit,new car,4,none,none,2,good
884,no checking,18,critical/other existing credit,radio/tv,4,none,none,2,good
885,0<=X<200,24,existing paid,furniture/equipment,3,none,none,1,bad
886,<0,12,existing paid,education,4,none,none,1,bad
887,0<=X<200,24,critical/other existing credit,business,4,none,none,2,good
888,0<=X<200,48,existing paid,business,2,none,none,1,bad
889,no checking,36,critical/other existing credit,new car,4,none,none,2,good
890,no checking,28,all paid,used car,3,guarantor,bank,2,good
891,<0,27,critical/other existing credit,business,4,none,stores,4,good
892,no checking,15,critical/other existing credit,radio/tv,4,none,none,2,good
893,<0,12,critical/other existing credit,new car,4,none,bank,2,good
894,0<=X<200,36,critical/other existing credit,used car,3,none,none,2,good
895,no checking,18,critical/other existing credit,radio/tv,4,none,none,2,good
896,no checking,36,delayed previously,used car,3,none,stores,1,good
897,<0,21,existing paid,radio/tv,4,none,none,1,good
898,no checking,12,critical/other existing credit,furniture/equipment,3,none,none,1,good
899,no checking,15,existing paid,furniture/equipment,1,none,bank,1,good
900,<0,18,existing paid,furniture/equipment,2,co applicant,none,1,bad
901,<0,16,critical/other existing credit,new car,2,guarantor,bank,1,bad
902,no checking,20,critical/other existing credit,new car,2,none,none,2,good
903,no checking,36,critical/other existing credit,used car,2,none,none,2,good
904,no checking,15,existing paid,radio/tv,4,none,none,1,good
905,no checking,24,existing paid,radio/tv,4,none,none,1,good
906,<0,12,existing paid,radio/tv,2,none,none,1,good
907,<0,21,existing paid,new car,2,co applicant,none,1,good
908,0<=X<200,36,existing paid,education,2,none,none,1,good
909,no checking,15,delayed previously,used car,1,none,none,2,good
910,0<=X<200,9,existing paid,new car,1,none,none,1,good
911,no checking,36,delayed previously,radio/tv,4,none,none,2,good
912,0<=X<200,24,critical/other existing credit,furniture/equipment,2,none,bank,1,bad
913,0<=X<200,30,existing paid,radio/tv,2,none,none,1,good
914,no checking,11,existing paid,business,1,none,none,1,good
915,<0,24,all paid,business,4,none,none,1,bad
916,0<=X<200,48,no credits/all paid,other,1,none,bank,1,bad
917,no checking,10,existing paid,used car,1,co applicant,none,1,good
918,<0,6,existing paid,new car,1,none,bank,1,bad
919,<0,24,existing paid,furniture/equipment,1,none,none,1,bad
920,<0,24,existing paid,furniture/equipment,4,none,none,1,bad
921,no checking,18,critical/other existing credit,furniture/equipment,4,none,none,2,good
922,no checking,48,delayed previously,radio/tv,4,none,none,1,good
923,<0,9,existing paid,radio/tv,3,none,none,1,bad
924,0<=X<200,12,existing paid,new car,3,none,none,1,good
925,<0,24,all paid,furniture/equipment,2,none,bank,1,bad
926,<0,12,all paid,new car,4,none,bank,2,bad
927,<0,18,critical/other existing credit,furniture/equipment,4,none,none,1,good
928,<0,48,existing paid,used car,4,none,stores,3,bad
929,no checking,30,existing paid,radio/tv,4,none,none,1,good
930,<0,12,delayed previously,new car,4,none,none,2,good
931,<0,24,existing paid,furniture/equipment,4,co applicant,none,1,good
932,0<=X<200,9,existing paid,radio/tv,4,none,none,1,bad
933,no checking,9,critical/other existing credit,new car,3,none,none,2,good
934,no checking,12,critical/other existing credit,radio/tv,4,none,none,2,good
935,<0,12,existing paid,radio/tv,4,none,bank,1,good
936,0<=X<200,30,delayed previously,radio/tv,4,none,stores,2,bad
937,>=200,9,existing paid,radio/tv,3,none,none,1,bad
938,0<=X<200,6,existing paid,radio/tv,4,none,none,1,good
939,0<=X<200,60,existing paid,education,4,none,none,1,bad
940,no checking,24,critical/other existing credit,used car,2,none,none,2,good
941,no checking,12,existing paid,new car,2,none,none,1,good
942,no checking,10,existing paid,new car,3,none,none,1,good
943,no checking,24,existing paid,furniture/equipment,4,none,stores,1,good
944,no checking,4,critical/other existing credit,new car,2,none,none,3,good
945,<0,15,existing paid,furniture/equipment,4,guarantor,none,1,good
946,0<=X<200,48,no credits/all paid,new car,1,none,none,2,good
947,<0,24,all paid,furniture/equipment,4,none,none,1,bad
948,no checking,12,existing paid,new car,4,none,none,1,good
949,no checking,18,existing paid,furniture/equipment,4,co applicant,none,1,bad
950,no checking,24,existing paid,radio/tv,2,none,none,2,bad
951,0<=X<200,18,critical/other existing credit,business,3,none,none,3,good
952,<0,36,delayed previously,business,2,none,none,2,bad
953,0<=X<200,24,existing paid,used car,3,none,none,1,bad
954,no checking,36,existing paid,furniture/equipment,4,none,none,2,bad
955,<0,12,existing paid,new car,4,guarantor,none,1,good
956,<0,24,critical/other existing credit,radio/tv,4,none,none,2,good
957,>=200,30,critical/other existing credit,radio/tv,4,none,stores,2,good
958,0<=X<200,9,critical/other existing credit,radio/tv,2,none,none,3,good
959,<0,28,existing paid,new car,3,none,none,1,bad
960,0<=X<200,24,existing paid,furniture/equipment,4,none,none,1,good
961,no checking,6,critical/other existing credit,radio/tv,2,none,none,2,good
962,0<=X<200,21,delayed previously,new car,1,none,none,2,good
963,no checking,15,existing paid,new car,3,none,none,1,good
964,no checking,24,existing paid,radio/tv,3,none,bank,2,bad
965,0<=X<200,6,existing paid,repairs,3,none,none,1,good
966,0<=X<200,30,existing paid,radio/tv,4,none,none,1,good
967,0<=X<200,27,critical/other existing credit,radio/tv,4,none,none,2,bad
968,no checking,15,existing paid,radio/tv,4,none,bank,1,good
969,no checking,42,existing paid,radio/tv,2,none,none,1,good
970,<0,11,critical/other existing credit,new car,1,none,none,2,good
971,0<=X<200,15,existing paid,repairs,4,guarantor,none,1,good
972,no checking,24,existing paid,new car,1,none,none,1,good
973,<0,24,all paid,new car,1,co applicant,none,2,bad
974,<0,60,existing paid,business,4,co applicant,none,1,bad
975,no checking,30,critical/other existing credit,radio/tv,4,none,none,1,good
976,>=200,24,existing paid,radio/tv,3,none,none,1,good
977,0<=X<200,6,existing paid,radio/tv,2,guarantor,none,1,good
978,0<=X<200,18,delayed previously,business,4,none,none,2,good
979,no checking,24,delayed previously,new car,4,none,none,2,bad
980,0<=X<200,15,all paid,new car,2,none,none,1,bad
981,0<=X<200,30,critical/other existing credit,furniture/equipment,2,none,none,1,bad
982,no checking,48,existing paid,business,3,none,bank,1,bad
983,>=200,21,existing paid,new car,1,none,bank,1,good
984,<0,36,existing paid,used car,2,none,none,1,bad
985,no checking,24,critical/other existing credit,furniture/equipment,2,none,none,2,good
986,<0,15,critical/other existing credit,furniture/equipment,4,none,none,2,good
987,>=200,42,no credits/all paid,business,2,none,none,2,good
988,no checking,13,existing paid,radio/tv,2,none,none,1,good
989,<0,24,existing paid,used car,4,none,none,1,good
990,0<=X<200,24,critical/other existing credit,radio/tv,4,none,none,2,good
991,no checking,12,critical/other existing credit,education,2,none,none,2,good
992,no checking,15,all paid,radio/tv,4,none,bank,1,good
993,<0,18,existing paid,radio/tv,2,none,none,2,good
994,<0,36,existing paid,furniture/equipment,4,none,none,1,good
995,no checking,12,existing paid,new car,4,none,none,1,good
996,no checking,12,existing paid,furniture/equipment,3,none,none,1,good
997,<0,30,existing paid,used car,4,none,none,1,good
998,no checking,12,existing paid,radio/tv,4,none,none,1,good
999,<0,45,existing paid,radio/tv,4,none,none,1,bad
1000,0<=X<200,45,critical/other existing credit,used car,3,none,none,1,good
